{
  "gls": {
    "mean": 0.12388683084550489,
    "stddev": 0.17906885685220406
  },
  "sh": {
    "mean": 1.2364459637260592,
    "stddev": 1.0234238212844224
  },
  "sot": {
    "mean": 0.41619338296361486,
    "stddev": 0.4382789379351949
  },
  "sh_90": {
    "mean": 1.2365780998389695,
    "stddev": 1.0244224552565817
  },
  "sot_90": {
    "mean": 0.41634460547504026,
    "stddev": 0.438835739072284
  },
  "ast": {
    "mean": 0.08553223674278415,
    "stddev": 0.1252353313569489
  },
  "crs": {
    "mean": 1.6581615731014998,
    "stddev": 1.9244178327313675
  },
  "fld": {
    "mean": 1.0650024864548886,
    "stddev": 0.7795669821463278
  },
  "off": {
    "mean": 0.1794268808389476,
    "stddev": 0.2985831920714694
  },
  "int": {
    "mean": 0.7222351933589367,
    "stddev": 0.5473013168381329
  },
  "tklw": {
    "mean": 0.8950949354257705,
    "stddev": 0.5954205765512743
  },
  "fls": {
    "mean": 1.169277590276805,
    "stddev": 0.7203209081581802
  },
  "crdy": {
    "mean": 0.19279039998513514,
    "stddev": 0.19089022418101187
  },
  "crdr": {
    "mean": 0.009981637079291122,
    "stddev": 0.0412823954141357
  }
}