{
  "gls": {
    "mean": 1.893317230273752,
    "stddev": 3.064531420237563
  },
  "sh": {
    "mean": 17.646135265700483,
    "stddev": 19.217997682299135
  },
  "sot": {
    "mean": 6.0603864734299515,
    "stddev": 7.801322265449757
  },
  "sh_90": {
    "mean": 1.2365780998389695,
    "stddev": 1.0244224552565817
  },
  "sot_90": {
    "mean": 0.41634460547504026,
    "stddev": 0.438835739072284
  },
  "ast": {
    "mean": 1.322061191626409,
    "stddev": 1.9040993831768465
  },
  "crs": {
    "mean": 24.653381642512077,
    "stddev": 36.40310273425481
  },
  "fld": {
    "mean": 15.646537842190016,
    "stddev": 14.731475670929605
  },
  "off": {
    "mean": 2.34621578099839,
    "stddev": 3.9819495277083594
  },
  "int": {
    "mean": 11.562399355877616,
    "stddev": 11.969408720010396
  },
  "tklw": {
    "mean": 13.58011272141707,
    "stddev": 12.434622548564432
  },
  "fls": {
    "mean": 16.46658615136876,
    "stddev": 13.30173130986854
  },
  "crdy": {
    "mean": 2.745169082125604,
    "stddev": 2.529065197429592
  },
  "crdr": {
    "mean": 0.13526570048309178,
    "stddev": 0.3703416392704983
  }
}